{
  "Dummy Stratified": {
    "accuracy": 0.618,
    "precision": 0.2675324675324675,
    "recall": 0.2614213197969543,
    "F1 score": 0.2644415917843389,
    "roc_auc": 0.5032242222854573
  },
  "Logistic Regression": {
    "accuracy": 0.8162222222222222,
    "precision": 0.7369826435246996,
    "recall": 0.467005076142132,
    "F1 score": 0.5717244950802693,
    "roc_auc": 0.8008904412072182
  },
  "Decision Tree": {
    "accuracy": 0.802,
    "precision": 0.6238297872340426,
    "recall": 0.6201353637901861,
    "F1 score": 0.621977089520577,
    "roc_auc": 0.7434612925038935
  },
  "Random Forest": {
    "accuracy": 0.8968888888888888,
    "precision": 0.9174418604651163,
    "recall": 0.6675126903553299,
    "F1 score": 0.7727717923604309,
    "roc_auc": 0.9284014843916534
  },
  "AdaBoost": {
    "accuracy": 0.8277777777777777,
    "precision": 0.8023774145616642,
    "recall": 0.45685279187817257,
    "F1 score": 0.5822102425876011,
    "roc_auc": 0.8341312932892321
  },
  "Stacking": {
    "accuracy": 0.9135555555555556,
    "precision": 0.8838334946757018,
    "recall": 0.772419627749577,
    "F1 score": 0.8243792325056434,
    "roc_auc": 0.9325450371199904
  }
}