{
  "accuracy": 0.618,
  "precision": 0.2675324675324675,
  "recall": 0.2614213197969543,
  "F1 score": 0.2644415917843389,
  "roc_auc": 0.5032242222854573
}