{
  "Dummy Stratified": {
    "accuracy": 0.618,
    "precision": 0.2675324675324675,
    "recall": 0.2614213197969543,
    "F1 score": 0.2644415917843389,
    "roc_auc": 0.5032242222854573
  },
  "Logistic Regression": {
    "accuracy": 0.8162222222222222,
    "precision": 0.7369826435246996,
    "recall": 0.467005076142132,
    "F1 score": 0.5717244950802693,
    "roc_auc": 0.8008904412072182
  },
  "Decision Tree": {
    "accuracy": 0.8462222222222222,
    "precision": 0.7474747474747475,
    "recall": 0.626057529610829,
    "F1 score": 0.6813996316758748,
    "roc_auc": 0.815035202540825
  },
  "Random Forest": {
    "accuracy": 0.8968888888888888,
    "precision": 0.9174418604651163,
    "recall": 0.6675126903553299,
    "F1 score": 0.7727717923604309,
    "roc_auc": 0.9284014843916534
  },
  "AdaBoost": {
    "accuracy": 0.8395555555555556,
    "precision": 0.8176795580110497,
    "recall": 0.5008460236886633,
    "F1 score": 0.621196222455404,
    "roc_auc": 0.8743769563341626
  },
  "Stacking": {
    "accuracy": 0.9135555555555556,
    "precision": 0.8838334946757018,
    "recall": 0.772419627749577,
    "F1 score": 0.8243792325056434,
    "roc_auc": 0.9325450371199904
  }
}