{
  "accuracy": 0.802,
  "precision": 0.6238297872340426,
  "recall": 0.6201353637901861,
  "F1 score": 0.621977089520577,
  "roc_auc": 0.7434612925038935
}