{
  "accuracy": 0.8162222222222222,
  "precision": 0.7369826435246996,
  "recall": 0.467005076142132,
  "F1 score": 0.5717244950802693,
  "roc_auc": 0.8008904412072182
}