{
  "accuracy": 0.8462222222222222,
  "precision": 0.7474747474747475,
  "recall": 0.626057529610829,
  "F1 score": 0.6813996316758748,
  "roc_auc": 0.815035202540825
}