{
  "accuracy": 0.8968888888888888,
  "precision": 0.9174418604651163,
  "recall": 0.6675126903553299,
  "F1 score": 0.7727717923604309,
  "roc_auc": 0.9284014843916534
}