{
  "Decision Tree": {
    "Best Params": 0.0,
    "best_metrics": {
      "accuracy": 0.802,
      "precision": 0.6238297872340426,
      "recall": 0.6201353637901861,
      "F1 score": 0.621977089520577,
      "roc_auc": 0.7434612925038935
    }
  },
  "AdaBoost": {
    "Best Params": {
      "learning_rate": 0.6,
      "n_estimators": 1500
    },
    "Best Score(CV)": 0.8302962962962962
  }
}