{
  "ds1": {
    "KMeans": {
      "silhouette": 0.5216395622404243,
      "davis_bouldin": 0.6853295219054456,
      "calinski_harabasz": 11786.954622671532
    },
    "DBSCAN": {
      "silhouette": 0.28384832285882783,
      "davis_bouldin": 0.98533275897006,
      "calinski_harabasz": 4939.694863362494,
      "noise_ratio": 0.03891666666666667
    }
  },
  "ds2": {
    "KMeans": {
      "silhouette": 0.3068610017701601,
      "davis_bouldin": 1.3234721699867644,
      "calinski_harabasz": 3573.3933329348392
    },
    "DBSCAN": {
      "silhouette": 0.02224288642809455,
      "davis_bouldin": 0.758111561911708,
      "calinski_harabasz": 41.597486627044596,
      "noise_ratio": 0.052375
    }
  },
  "ds3": {
    "KMeans": {
      "silhouette": 0.31554470037825183,
      "davis_bouldin": 1.1577256320598661,
      "calinski_harabasz": 6957.162639510167
    },
    "DBSCAN": {
      "silhouette": 0.17011838160369872,
      "davis_bouldin": 0.7354022123604214,
      "calinski_harabasz": 16.287515342465277,
      "noise_ratio": 0.026
    }
  }
}