,experiment_id,dataset,seed,model_summary,optimizer,lr,momentum,weight_decay,epochs_trained,best_val_accuracy,best_val_loss
0,E1,CIFAR10,42,"hidden=(256, 128)/ReLU/d=0.0/BN=False",ADAM,0.001,0,0,10,0.4725127551628619,1.47933537132886
1,E2,CIFAR10,42,"hidden=(512, 256, 128)/ReLU/d=0.0/BN=False",ADAM,0.001,0,0,10,0.473453443877551,1.4718130930345885
2,E3,CIFAR10,42,"hidden=(512, 256)/ReLU/d=0.2/BN=False",ADAM,0.0003,0,0,10,0.47756696431612483,1.466539634733784
3,E4,CIFAR10,42,"hidden=(512, 256, 128)/ReLU/d=0.3/BN=True",ADAM,0.0005,0,0,10,0.44461096944857614,1.5605819839604047
4,O1,CIFAR10,42,"hidden=(512,)/ReLU/d=0.0/BN=False",ADAM,0.1,0,0,10,0.10326849490556182,2.306690363251433
5,O2,CIFAR10,42,"hidden=(512,)/ReLU/d=0.0/BN=False",ADAM,1e-05,0,0,10,0.39681122452020645,1.7328006485287024
6,O3,CIFAR10,42,"hidden=(512,)/ReLU/d=0.0/BN=False",SGD,0.01,0.9,0,10,0.4692283163265306,1.5030262908157037
