,experiment_id,dataset,seed,model_summary,optimizer,lr,momentum,weight_decay,epochs_trained,best_val_accuracy,best_val_loss,test_accuracy,test_loss
0,E1,CIFAR10,42,"hidden=(256, 128)/ReLU/d=0.0/use_batchnorm=False",ADAM,0.001,0,0,10,0.4725127551628619,1.47933537132886,0.4671576433121019,1.4883435569751036
1,E2,CIFAR10,42,"hidden=(512, 256, 128)/ReLU/d=0.2/use_batchnorm=False",ADAM,0.001,0,0,10,0.43584183679551497,1.571109455458972,0.4421775477707006,1.5718315984033475
2,E3,CIFAR10,42,"hidden=(512, 256)/ReLU/d=0.3/use_batchnorm=True",ADAM,0.0003,0,0,10,0.464110331571832,1.4932237443875294,0.4666600318471338,1.4970778781137648
3,E4,CIFAR10,42,"hidden=(512, 256, 128)/ReLU/d=0.3/use_batchnorm=True",ADAM,0.0005,0,0,10,0.44461096944857614,1.5605819839604047,0.45073646496815284,1.5577021692968478
4,O1,CIFAR10,42,"hidden=(512,)/ReLU/d=0.0/use_batchnorm=False",ADAM,0.1,0,0,10,0.10326849490556182,2.306690363251433,0.10041799363057324,2.308667640017856
5,O2,CIFAR10,42,"hidden=(512,)/ReLU/d=0.0/use_batchnorm=False",ADAM,1e-05,0,0,10,0.39681122452020645,1.7328006485287024,0.3976910828025478,1.737868201201129
6,O3,CIFAR10,42,"hidden=(512,)/ReLU/d=0.0/use_batchnorm=False",SGD,0.01,0.9,0.0001,10,0.4692283163265306,1.5030262908157037,0.4581011146496815,1.5071147589167213
